id,word,article,plural,sort_key,level,book,chapter,pos,english,german_meaning,example_de,synonyms,antonyms,memory_trick,memory_tips,frequency_rank,grammar_group,preposition,govern_case,verb_present_3rd,verb_past,verb_perfect,verb_aux,adj_comparative,adj_superlative,tags
A2-0001,Wohnung,die,Wohnungen,wohnung,A2,Linie A2,"Kapitel 1 – Wohnen",n,"apartment, flat","Räume in einem Haus, in denen man wohnt","Ich suche eine neue Wohnung im Zentrum.",Appartement|Unterkunft,,"""wohnen"" + ""-ung"" = ein Ort zum Wohnen","Nouns ending in -ung are always die. বাংলা: ওয়োনুং = বাসা/ফ্ল্যাট।",420,,,,,,,,,,zuhause
A2-0002,sprechen,,,sprechen,A2,Linie A2,"Kapitel 2 – Kommunikation",v,to speak,"Wörter und Sätze sagen; sich mündlich äußern","Ich spreche jeden Tag ein bisschen Deutsch.",reden|sich unterhalten,schweigen,"sprechen klingt wie ""speak""","English link: sprechen ≈ ""speak"". বাংলা: কথা বলা।",95,unregelmäßige Verben,,,spricht,sprach,hat gesprochen,haben,,,kommunikation
A2-0003,schnell,,,schnell,A2,Linie A2,"Kapitel 3 – Unterwegs",adj,"fast, quick","mit hoher Geschwindigkeit; in kurzer Zeit","Der ICE ist sehr schnell.",rasch|zügig,langsam,"""Schnell"" – schnell wie ein Schnellzug","Mnemonic: ""schnell"" = উল্টো ""snail"" (শামুক ধীর, schnell দ্রুত)।",310,,,,,,,,schneller,am schnellsten,tempo
A2-0004,oft,,,oft,A2,Linie A2,"Kapitel 3 – Unterwegs",adv,often,"viele Male; häufig","Ich fahre oft mit dem Fahrrad zur Arbeit.",häufig|mehrmals,selten,,"English link: ""oft"" ≈ ""often"" (drop the -en). বাংলা: প্রায়ই।",180,,,,,,,,,,haeufigkeit
B1-0101,helfen,,,helfen,B1,Linie B1,"Kapitel 5 – Zusammenleben",v,to help,"jemanden bei einer Tätigkeit unterstützen","Kannst du mir bitte helfen?",unterstützen|beistehen,behindern,"Dativ: ich helfe DIR (wem?)","Grammar hook: helfen + Dativ → ich helfe DIR. বাংলা: সাহায্য করা।",70,Verben mit Dativ,,Dativ,hilft,half,hat geholfen,haben,,,grammatik
B1-0102,denken,,,denken,B1,Linie B1,"Kapitel 6 – Meinungen",v,"to think (of/about)","im Kopf Gedanken zu etwas haben","Ich denke oft an meine Familie.",nachdenken|überlegen,,"denken AN + Akkusativ (an wen?)","English link: denken ≈ ""think"". Hook: denken AN + Akkusativ.",60,Verben mit Präposition,an,Akkusativ,denkt,dachte,hat gedacht,haben,,,grammatik
B2-0201,sich bewerben,,,bewerben,B2,Linie B2 Beruf,"Modul 1 – Bewerbung",v,"to apply (for)","schriftlich um eine Stelle bitten","Ich bewerbe mich um eine Stelle als Ingenieurin.",sich anbieten,,"bewerben UM + Akkusativ (Job)","Hook: sich bewerben UM + Akkusativ (apply FOR). বাংলা: আবেদন করা।",55,Verben mit Präposition,um,Akkusativ,bewirbt sich,bewarb sich,hat sich beworben,haben,,,beruf|bewerbung
B2-0202,zuständig,,,zustaendig,B2,Linie B2 Beruf,"Modul 2 – Im Betrieb",adj,responsible (for),"die Verantwortung für etwas haben","Wer ist für die Buchhaltung zuständig?",verantwortlich,,"zuständig FÜR + Akkusativ","Hook: zuständig FÜR + Akkusativ (responsible FOR). বাংলা: দায়িত্বপ্রাপ্ত।",140,Adjektive mit Präposition,für,Akkusativ,,,,,zuständiger,am zuständigsten,beruf
B2-0203,Bedarf,der,,bedarf,B2,Linie B2 Beruf,"Modul 3 – Einkauf",n,"need, demand","Menge, die man von etwas braucht","Es besteht großer Bedarf an Fachkräften.",Nachfrage|Bedürfnis,Überschuss,"Bedarf AN + Dativ","Hook: Bedarf AN + Dativ (demand FOR). বাংলা: চাহিদা/প্রয়োজন।",260,Nomen mit Präposition,an,Dativ,,,,,,,beruf|wirtschaft
B2-0204,eine Entscheidung treffen,,,entscheidung treffen,B2,Linie B2 Beruf,"Modul 4 – Projekte",phrase,"to make a decision","sich für etwas entscheiden (feste Wendung)","Das Team muss bis Freitag eine Entscheidung treffen.",sich entscheiden|beschließen,,"Nomen + ""treffen"" = entscheiden","Fixed phrase: eine Entscheidung treffen = MAKE (treffen) a decision. বাংলা: সিদ্ধান্ত নেওয়া।",75,Nomen-Verb-Verbindung,,,,,,,,,beruf|redewendung

